domain,date_found,category
www.hoichoi.tv,2025-04-24,streaming
animekai.to,2025-04-24,streaming
www.streamio.ws,2025-04-24,streaming
online.historiadelcine.es,2025-04-24,streaming
myflixerz.to,2025-04-24,streaming
ennovelas.app,2025-04-24,streaming
www.pixiv.net,2025-04-24,streaming
gaycinema.site,2025-04-24,streaming
official-animeid.pages.dev,2025-04-24,streaming
www.skynovels.net,2025-04-24,streaming
www.zonarutoppuden.xyz,2025-04-24,streaming
fr.techtribune.net,2025-04-24,streaming
meudorama.org,2025-04-24,streaming
www.anonymoushackers.net,2025-04-24,streaming
embedgooglemap.net,2025-04-24,streaming
onlinegeeks.net,2025-04-24,streaming
wetv.vip,2025-04-24,streaming
ogomovies.tv,2025-04-24,streaming
www.azmovies.net,2025-04-24,streaming
www.pokeflix.tv,2025-04-24,streaming
alternate.to,2025-04-24,streaming
mysite.info,2025-04-24,streaming
animeheaven.watch,2025-04-24,streaming
www1.animepace.io,2025-04-24,streaming
dramanice.firstory.io,2025-04-24,streaming
online.yandex.com,2025-04-24,streaming
tokyvideo.org,2025-04-24,streaming
peliculaspremium.netlify.app,2025-04-24,streaming
apk.ldplayer.net,2025-04-24,streaming
www.3animeflv.net,2025-04-24,streaming
9anime.ws,2025-04-24,streaming
nakanime.vercel.app,2025-04-24,streaming
animeflv-net.pages.dev,2025-04-24,streaming
www.internetmatters.org,2025-04-24,streaming
movies123.fun,2025-04-24,streaming
animeflv-com.pages.dev,2025-04-24,streaming
www.like4like.org,2025-04-24,streaming
www.leawo.org,2025-04-24,streaming
supercine-tv.pages.dev,2025-04-24,streaming
digitalmagazine.org,2025-04-24,streaming
ww2.tuanime.net,2025-04-24,streaming
retrotv.org,2025-04-24,streaming
animeflv.webflow.io,2025-04-24,streaming
www.hitv.vip,2025-04-24,streaming
playflix-andy.netlify.app,2025-04-24,streaming
www.lasestrellas.tv,2025-04-24,streaming
alltechbuzz.net,2025-04-24,streaming
animeheaven.pages.dev,2025-04-24,streaming
gokuto.me,2025-04-24,streaming
online.hitpaw.com,2025-04-24,streaming
novelas360.b-cdn.net,2025-04-24,streaming
movie-verse.biz,2025-04-24,streaming
web.prd.vix.tv,2025-04-24,streaming
www.techmaze.net,2025-04-24,streaming
creativecommons.org,2025-04-24,streaming
enpantallastv.net,2025-04-24,streaming
v3--dramanice.pages.dev,2025-04-24,streaming
audiencegain.net,2025-04-24,streaming
kyojiner.net,2025-04-24,streaming
maxxserieshd.to,2025-04-24,streaming
www.powerthesaurus.org,2025-04-24,streaming
webxseries.fun,2025-04-24,streaming
aniwatch.tv.in,2025-04-24,streaming
animehaven-next.vercel.app,2025-04-24,streaming
pelisenhd.me,2025-04-24,streaming
ome.tv,2025-04-24,streaming
t.me,2025-04-24,streaming
ne.opentran.net,2025-04-24,streaming
movidy.watch,2025-04-24,streaming
qwant.app,2025-04-24,streaming
ogomovies.cc,2025-04-24,streaming
doramasmp4.io,2025-04-24,streaming
www.zjnav.cc,2025-04-24,streaming
pelisplay.live,2025-04-24,streaming
www.leveldroid.net,2025-04-24,streaming
techdator.net,2025-04-24,streaming
libreflix.org,2025-04-24,streaming
vertelenovelas.net,2025-04-24,streaming
korealandscape.net,2025-04-24,streaming
www.frolic.live,2025-04-24,streaming
official-dramanice-to.pages.dev,2025-04-24,streaming
www.techbloggers.net,2025-04-24,streaming
www.themoviedb.org,2025-04-24,streaming
retropelis.online,2025-04-24,streaming
animepaheru.pages.dev,2025-04-24,streaming
arydigital.tv,2025-04-24,streaming
anitaku.fun,2025-04-24,streaming
ww3.0123moviee.cc,2025-04-24,streaming
paraonline.cc,2025-04-24,streaming
www.questionsanswered.net,2025-04-24,streaming
pinayflixtv.net,2025-04-24,streaming
www.animepahe.cc,2025-04-24,streaming
www.blizzboygames.net,2025-04-24,streaming
dragonballserie.net,2025-04-24,streaming
www.zeeworld.zeeafrica.tv,2025-04-24,streaming
gogoflix.net,2025-04-24,streaming
www.media.io,2025-04-24,streaming
www.techoweb.net,2025-04-24,streaming
webslon.info,2025-04-24,streaming
cineby.fun,2025-04-24,streaming
www.cuevana.to,2025-04-24,streaming
bulbapedia.bulbagarden.net,2025-04-24,streaming
ennovelasofficial.net,2025-04-24,streaming
w1-dramanice.pages.dev,2025-04-24,streaming
hi.khanacademy.org,2025-04-24,streaming
www.laposte.net,2025-04-24,streaming
related.me,2025-04-24,streaming
technofizi.net,2025-04-24,streaming
animepahe.cc,2025-04-24,streaming
es.ldplayer.net,2025-04-24,streaming
vocal.media,2025-04-24,streaming
vidbox.to,2025-04-24,streaming
play.mercadolivre.com.br,2025-04-24,streaming
animeflv-vision.pages.dev,2025-04-24,streaming
play.xumo.com,2025-04-24,streaming
opcritic.net,2025-04-24,streaming
dragonballlatino.net,2025-04-24,streaming
www.rakuten.tv,2025-04-24,streaming
vizer-tv.assistirfilmes.info,2025-04-24,streaming
animeflv-bl.pages.dev,2025-04-24,streaming
anime-id.org,2025-04-24,streaming
www.bilibili.tv,2025-04-24,streaming
www.successcds.net,2025-04-24,streaming
techfive.org,2025-04-24,streaming
animekisa.tv.w3snoop.com,2025-04-24,streaming
pcnema.to,2025-04-24,streaming
www.novela.pl,2025-04-24,streaming
cinecalidad--official.pages.dev,2025-04-24,streaming
www.cuevana3.is,2025-04-24,streaming
animepahe.info,2025-04-24,streaming
2flix.cc,2025-04-24,streaming
animepahe--freak.pages.dev,2025-04-24,streaming
pluto.tv,2025-04-24,streaming
aniplaynow.live,2025-04-24,streaming
toku.fun,2025-04-24,streaming
streamhut.tv,2025-04-24,streaming
blocksurvey.io,2025-04-24,streaming
animepahe-v6.pages.dev,2025-04-24,streaming
www.thetechedvocate.org,2025-04-24,streaming
www.onworks.net,2025-04-24,streaming
www.novelas.tv,2025-04-24,streaming
www.techlounge.net,2025-04-24,streaming
www.batiburrillo.net,2025-04-24,streaming
tozlusayfa.net,2025-04-24,streaming
sitechecker.pro,2025-04-24,streaming
gnulahd.org,2025-04-24,streaming
twoseven.xyz,2025-04-24,streaming
betteranime.pages.dev,2025-04-24,streaming
animepahe.org,2025-04-24,streaming
iodroid.net,2025-04-24,streaming
mmfilmes1.me,2025-04-24,streaming
animeflv-es.pages.dev,2025-04-24,streaming
m-animeflv.net,2025-04-24,streaming
movies123.video,2025-04-24,streaming
www.canela.tv,2025-04-24,streaming
flixnet.to,2025-04-24,streaming
www.cloudwards.net,2025-04-24,streaming
www.canalnet.tv,2025-04-24,streaming
tusnovelassd.biz,2025-04-24,streaming
pornwatch.ws,2025-04-24,streaming
cinevise.org,2025-04-24,streaming
tv.google,2025-04-24,streaming
www.vipdiziler.net,2025-04-24,streaming
techviral.net,2025-04-24,streaming
www.oakengates.ws,2025-04-24,streaming
www.plex.tv,2025-04-24,streaming
fabi.me,2025-04-24,streaming
spanishtogo.app,2025-04-24,streaming
hum.tv,2025-04-24,streaming
online.tucineclasico.es,2025-04-24,streaming
pandrama.io,2025-04-24,streaming
techr.org,2025-04-24,streaming
verpeliculascristianas.net,2025-04-24,streaming
www.opensourcealternative.to,2025-04-24,streaming
bgp.he.net,2025-04-24,streaming
t1-dramanice.pages.dev,2025-04-24,streaming
ammoseek.org,2025-04-24,streaming
ww2.tlnovelas.net,2025-04-24,streaming
kuronime.biz,2025-04-24,streaming
www.techworm.net,2025-04-24,streaming
www.ennovelas.tv,2025-04-24,streaming
animepahe--by.pages.dev,2025-04-24,streaming
officially-123movies.pages.dev,2025-04-24,streaming
www.novelitas.net,2025-04-24,streaming
safe.jalbum.net,2025-04-24,streaming
escortsites.org,2025-04-24,streaming
noveflix-v2.pages.dev,2025-04-24,streaming
archive.org,2025-04-24,streaming
technoarticle.net,2025-04-24,streaming
westream.to,2025-04-24,streaming
ww1.new-kissanime.me,2025-04-24,streaming
shdw.me,2025-04-24,streaming
kawaiianimes.app,2025-04-24,streaming
rankchart.org,2025-04-24,streaming
www.icotech.net,2025-04-24,streaming
soapy.to,2025-04-24,streaming
novelasligeras.net,2025-04-24,streaming
hack-cheat.org,2025-04-24,streaming
toptrendz.website2.me,2025-04-24,streaming
robots.net,2025-04-24,streaming
alluc.123movies.online,2025-04-24,streaming
animepahe.tv,2025-04-24,streaming
tv.yandex.com,2025-04-24,streaming
www.koreandrama.org,2025-04-24,streaming
0gomovies.video,2025-04-24,streaming
www.techpocket.net,2025-04-24,streaming
digitaledge.org,2025-04-24,streaming
novelasflix1.me,2025-04-24,streaming
www.serebii.net,2025-04-24,streaming
openlibrary.org,2025-04-24,streaming
firetv.rainierland.to,2025-04-24,streaming
www1.infomaniakos.org,2025-04-24,streaming
hdpelisplus.org,2025-04-24,streaming
dramanice.media,2025-04-24,streaming
androidtv.online,2025-04-24,streaming
dramaclub.to,2025-04-24,streaming
2tech.net,2025-04-24,streaming
aniwatchtv.to,2025-04-24,streaming
norsecorp.net,2025-04-24,streaming
static-homepage-es.pluto.tv,2025-04-24,streaming
official-dramanice.pages.dev,2025-04-24,streaming
about.me,2025-04-24,streaming
tv88.to,2025-04-24,streaming
www.1tech.org,2025-04-24,streaming
xvpn.io,2025-04-24,streaming
howandwow.info,2025-04-24,streaming
gilliananderson.ws,2025-04-24,streaming
www.blog.megalivre.xyz,2025-04-24,streaming
inkapelis.piracyproxy.dev,2025-04-24,streaming
matchstix.io,2025-04-24,streaming
invidious.io,2025-04-24,streaming
seriesbiblicas.net,2025-04-24,streaming
get.alternative.to,2025-04-24,streaming
soap2dayhq.to,2025-04-24,streaming
www.sitelike.org,2025-04-24,streaming
www.animeflv.me,2025-04-24,streaming
piracybank.org,2025-04-24,streaming
9animetv.to,2025-04-24,streaming
alooytv.fun,2025-04-24,streaming
www.retinalatina.org,2025-04-24,streaming
animeflix-lime.vercel.app,2025-04-24,streaming
similaire.org,2025-04-24,streaming
apkpure.net,2025-04-24,streaming
watch.plex.tv,2025-04-24,streaming
tele-latino.live,2025-04-24,streaming
animepahe-cl.pages.dev,2025-04-24,streaming
v3--hanime.pages.dev,2025-04-24,streaming
sflixz.stream,2025-04-24,streaming
gostream.to,2025-04-24,streaming
kissanime.theproxy.vip,2025-04-24,streaming
proplay.ws,2025-04-24,streaming
codeforphilly.org,2025-04-24,streaming
wikirock.net,2025-04-24,streaming
www.researchgate.net,2025-04-24,streaming
vizerflix.xyz,2025-04-24,streaming
hianimez.to,2025-04-24,streaming
www.techchink.net,2025-04-24,streaming
likee.video,2025-04-24,streaming
naimur29-animepahe.netlify.app,2025-04-24,streaming
alternative.me,2025-04-24,streaming
anime.foundation,2025-04-24,streaming
alternativeto.io,2025-04-24,streaming
wwv.vertodo.cc,2025-04-24,streaming
aniwatchtv.watch,2025-04-24,streaming
solo.to,2025-04-24,streaming
ennovelasofficial.me,2025-04-24,streaming
alternativeto.net,2025-04-24,streaming
animeflv-portal.pages.dev,2025-04-24,streaming
www.watchseriesfree.stream,2025-04-24,streaming
www.betterthanadventure.net,2025-04-24,streaming
pantheonuk.org,2025-04-24,streaming
www.audio-digital.net,2025-04-24,streaming
www.anyrec.io,2025-04-24,streaming
ennovelas.to,2025-04-24,streaming
animeid.tv.ishostedby.com,2025-04-24,streaming
